date,prices $,from_country,to_country,departure_date,return_date,website
2023-07-21,103.0,TCQ,LIM,2023-07-20,2023-07-23,Skyairline
2023-07-22,89.0,TCQ,LIM,2023-07-20,2023-07-23,Skyairline
2023-07-23,68.0,TCQ,LIM,2023-07-20,2023-07-23,Skyairline
2023-07-24,59.0,TCQ,LIM,2023-07-20,2023-07-23,Skyairline
2023-07-25,68.0,TCQ,LIM,2023-07-20,2023-07-23,Skyairline
2023-07-26,68.0,TCQ,LIM,2023-07-20,2023-07-23,Skyairline
2023-07-27,68.0,TCQ,LIM,2023-07-20,2023-07-23,Skyairline
2023-07-28,51.0,TCQ,LIM,2023-07-20,2023-07-23,Skyairline
2023-07-29,51.0,TCQ,LIM,2023-07-20,2023-07-23,Skyairline
2023-07-30,78.0,TCQ,LIM,2023-07-20,2023-07-23,Skyairline
2023-07-31,68.0,TCQ,LIM,2023-07-20,2023-07-23,Skyairline
2023-08-01,54.0,TCQ,LIM,2023-07-20,2023-07-23,Skyairline
2023-08-02,51.0,TCQ,LIM,2023-07-20,2023-07-23,Skyairline
2023-08-03,54.0,TCQ,LIM,2023-07-20,2023-07-23,Skyairline
2023-08-04,51.0,TCQ,LIM,2023-07-20,2023-07-23,Skyairline
2023-08-05,54.0,TCQ,LIM,2023-07-20,2023-07-23,Skyairline
2023-08-06,51.0,TCQ,LIM,2023-07-20,2023-07-23,Skyairline
2023-08-07,51.0,TCQ,LIM,2023-07-20,2023-07-23,Skyairline
2023-08-08,39.0,TCQ,LIM,2023-07-20,2023-07-23,Skyairline
2023-08-09,45.0,TCQ,LIM,2023-07-20,2023-07-23,Skyairline
2023-08-10,39.0,TCQ,LIM,2023-07-20,2023-07-23,Skyairline
2023-08-11,45.0,TCQ,LIM,2023-07-20,2023-07-23,Skyairline
2023-08-12,51.0,TCQ,LIM,2023-07-20,2023-07-23,Skyairline
2023-08-13,45.0,TCQ,LIM,2023-07-20,2023-07-23,Skyairline
2023-08-14,39.0,TCQ,LIM,2023-07-20,2023-07-23,Skyairline
2023-08-15,34.0,TCQ,LIM,2023-07-20,2023-07-23,Skyairline
2023-08-16,31.0,TCQ,LIM,2023-07-20,2023-07-23,Skyairline
2023-08-17,34.0,TCQ,LIM,2023-07-20,2023-07-23,Skyairline
2023-08-18,34.0,TCQ,LIM,2023-07-20,2023-07-23,Skyairline
2023-08-19,39.0,TCQ,LIM,2023-07-20,2023-07-23,Skyairline
2023-08-20,39.0,TCQ,LIM,2023-07-20,2023-07-23,Skyairline
2023-08-21,31.0,TCQ,LIM,2023-07-20,2023-07-23,Skyairline
2023-08-22,29.0,TCQ,LIM,2023-07-20,2023-07-23,Skyairline
2023-08-23,29.0,TCQ,LIM,2023-07-20,2023-07-23,Skyairline
2023-08-24,31.0,TCQ,LIM,2023-07-20,2023-07-23,Skyairline
2023-08-25,31.0,TCQ,LIM,2023-07-20,2023-07-23,Skyairline
2023-08-26,51.0,TCQ,LIM,2023-07-20,2023-07-23,Skyairline
2023-08-27,51.0,TCQ,LIM,2023-07-20,2023-07-23,Skyairline
2023-08-28,45.0,TCQ,LIM,2023-07-20,2023-07-23,Skyairline
2023-08-29,45.0,TCQ,LIM,2023-07-20,2023-07-23,Skyairline
2023-08-30,54.0,TCQ,LIM,2023-07-20,2023-07-23,Skyairline
2023-08-31,45.0,TCQ,LIM,2023-07-20,2023-07-23,Skyairline
2023-09-02,45.0,TCQ,LIM,2023-07-20,2023-07-23,Skyairline
2023-09-03,39.0,TCQ,LIM,2023-07-20,2023-07-23,Skyairline
2023-09-04,34.0,TCQ,LIM,2023-07-20,2023-07-23,Skyairline
2023-09-05,34.0,TCQ,LIM,2023-07-20,2023-07-23,Skyairline
2023-09-06,17.0,TCQ,LIM,2023-07-20,2023-07-23,Skyairline
2023-09-07,17.0,TCQ,LIM,2023-07-20,2023-07-23,Skyairline
2023-09-08,17.0,TCQ,LIM,2023-07-20,2023-07-23,Skyairline
2023-09-09,17.0,TCQ,LIM,2023-07-20,2023-07-23,Skyairline
2023-09-10,31.0,TCQ,LIM,2023-07-20,2023-07-23,Skyairline
2023-09-11,17.0,TCQ,LIM,2023-07-20,2023-07-23,Skyairline
2023-09-12,17.0,TCQ,LIM,2023-07-20,2023-07-23,Skyairline
2023-09-13,17.0,TCQ,LIM,2023-07-20,2023-07-23,Skyairline
2023-09-14,31.0,TCQ,LIM,2023-07-20,2023-07-23,Skyairline
2023-09-15,59.0,TCQ,LIM,2023-07-20,2023-07-23,Skyairline
2023-09-16,59.0,TCQ,LIM,2023-07-20,2023-07-23,Skyairline
2023-09-17,39.0,TCQ,LIM,2023-07-20,2023-07-23,Skyairline
2023-09-18,31.0,TCQ,LIM,2023-07-20,2023-07-23,Skyairline
2023-09-19,31.0,TCQ,LIM,2023-07-20,2023-07-23,Skyairline
2023-09-20,17.0,TCQ,LIM,2023-07-20,2023-07-23,Skyairline
2023-09-21,17.0,TCQ,LIM,2023-07-20,2023-07-23,Skyairline
2023-09-22,17.0,TCQ,LIM,2023-07-20,2023-07-23,Skyairline
2023-09-23,17.0,TCQ,LIM,2023-07-20,2023-07-23,Skyairline
2023-09-24,31.0,TCQ,LIM,2023-07-20,2023-07-23,Skyairline
2023-09-25,29.0,TCQ,LIM,2023-07-20,2023-07-23,Skyairline
2023-09-26,17.0,TCQ,LIM,2023-07-20,2023-07-23,Skyairline
2023-09-27,17.0,TCQ,LIM,2023-07-20,2023-07-23,Skyairline
2023-09-28,17.0,TCQ,LIM,2023-07-20,2023-07-23,Skyairline
2023-09-29,17.0,TCQ,LIM,2023-07-20,2023-07-23,Skyairline
2023-10-01,17.0,TCQ,LIM,2023-07-20,2023-07-23,Skyairline
2023-10-02,17.0,TCQ,LIM,2023-07-20,2023-07-23,Skyairline
2023-10-04,17.0,TCQ,LIM,2023-07-20,2023-07-23,Skyairline
2023-10-06,34.0,TCQ,LIM,2023-07-20,2023-07-23,Skyairline
2023-10-07,45.0,TCQ,LIM,2023-07-20,2023-07-23,Skyairline
2023-10-08,34.0,TCQ,LIM,2023-07-20,2023-07-23,Skyairline
2023-10-09,34.0,TCQ,LIM,2023-07-20,2023-07-23,Skyairline
2023-10-11,17.0,TCQ,LIM,2023-07-20,2023-07-23,Skyairline
2023-10-13,17.0,TCQ,LIM,2023-07-20,2023-07-23,Skyairline
2023-10-14,34.0,TCQ,LIM,2023-07-20,2023-07-23,Skyairline
2023-10-15,51.0,TCQ,LIM,2023-07-20,2023-07-23,Skyairline
2023-10-16,34.0,TCQ,LIM,2023-07-20,2023-07-23,Skyairline
2023-10-18,17.0,TCQ,LIM,2023-07-20,2023-07-23,Skyairline
2023-10-20,29.0,TCQ,LIM,2023-07-20,2023-07-23,Skyairline
2023-10-21,17.0,TCQ,LIM,2023-07-20,2023-07-23,Skyairline
2023-10-22,17.0,TCQ,LIM,2023-07-20,2023-07-23,Skyairline
2023-10-23,17.0,TCQ,LIM,2023-07-20,2023-07-23,Skyairline
2023-10-25,29.0,TCQ,LIM,2023-07-20,2023-07-23,Skyairline
2023-10-27,31.0,TCQ,LIM,2023-07-20,2023-07-23,Skyairline
2023-10-28,17.0,TCQ,LIM,2023-07-20,2023-07-23,Skyairline
2023-10-29,29.0,TCQ,LIM,2023-07-20,2023-07-23,Skyairline
2023-10-30,29.0,TCQ,LIM,2023-07-20,2023-07-23,Skyairline
2023-11-01,29.0,TCQ,LIM,2023-07-20,2023-07-23,Skyairline
2023-11-03,17.0,TCQ,LIM,2023-07-20,2023-07-23,Skyairline
2023-11-05,17.0,TCQ,LIM,2023-07-20,2023-07-23,Skyairline
2023-11-06,17.0,TCQ,LIM,2023-07-20,2023-07-23,Skyairline
2023-11-08,17.0,TCQ,LIM,2023-07-20,2023-07-23,Skyairline
2023-11-10,17.0,TCQ,LIM,2023-07-20,2023-07-23,Skyairline
2023-11-12,17.0,TCQ,LIM,2023-07-20,2023-07-23,Skyairline
2023-11-13,29.0,TCQ,LIM,2023-07-20,2023-07-23,Skyairline
2023-11-15,17.0,TCQ,LIM,2023-07-20,2023-07-23,Skyairline
